Category,Word
인테리어,가정집
인테리어,가구
인테리어,조명
인테리어,바닥재
인테리어,창문 처리
인테리어,장식품
인테리어,모던
인테리어,빈티지
인테리어,미니멀리즘
인테리어,벽지
인테리어,소파
인테리어,테이블
인테리어,의자
인테리어,카펫
인테리어,커튼
인테리어,책장
인테리어,화병
식물 키우기 & 가드닝,실내 식물
식물 키우기 & 가드닝,화분
식물 키우기 & 가드닝,정원 도구
식물 키우기 & 가드닝,베란다
식물 키우기 & 가드닝,관엽식물
식물 키우기 & 가드닝,허브
식물 키우기 & 가드닝,물주기
식물 키우기 & 가드닝,비료
식물 키우기 & 가드닝,분무기
식물 키우기 & 가드닝,씨앗
식물 키우기 & 가드닝,토양
식물 키우기 & 가드닝,뿌리
식물 키우기 & 가드닝,잔디
식물 키우기 & 가드닝,가드닝
패션,신발
패션,가방
패션,모자
패션,안경
패션,셔츠
패션,드레스
패션,스카프
패션,벨트
패션,스니커즈
패션,정장
패션,팔찌
패션,패션 스타일
패션,코트
패션,티셔츠
요리,한식
요리,양식
요리,아시안
요리,베이커리
요리,디저트
요리,요리 도구
요리,재료
요리,오븐
요리,냄비
요리,프라이팬
요리,숟가락
요리,포크
요리,믹서기
요리,다지기
요리,그릴
요리,식칼
요리,나무주걱
제스처,손 제스처
제스처,표정
제스처,몸 제스처
제스처,인사
제스처,손짓
제스처,눈짓
제스처,웃음
제스처,박수
제스처,손흔들기
제스처,으쓱
제스처,하이파이브
제스처,주먹질
제스처,엄지척
제스처,이마치기
제스처,가리키기
제스처,고개숙임
제스처,손가락짓
교통 표지판,도로 표지판
교통 표지판,신호 표지판
교통 표지판,경고 표지판
교통 표지판,정보 표지판
교통 표지판,보행자
교통 표지판,횡단보도
교통 표지판,속도 제한
교통 표지판,정지
교통 표지판,우회전
교통 표지판,좌회전
교통 표지판,통행 금지
교통 표지판,일방통행
교통 표지판,주차 금지
교통 표지판,회전 교차로
교통 표지판,철도 건널목
교통 표지판,주차 허용
교통 표지판,교차로
장소 이해,도시
장소 이해,자연 지형
장소 이해,건물
장소 이해,여행 명소
장소 이해,랜드마크
장소 이해,간판
장소 이해,기념비
장소 이해,박물관
장소 이해,도서관
장소 이해,공원
장소 이해,백화점
장소 이해,레스토랑
장소 이해,카페
장소 이해,극장
장소 이해,미술관
장소 이해,공항
장소 이해,사원
장소 이해,경기장
미술,한국화
미술,서양화
미술,동양화
미술,유화
미술,수채화
미술,목탄화
미술,판화
미술,캔버스
미술,물감
미술,붓
미술,조각
미술,도예
미술,입체미술
미술,드로잉
미술,만화
미술,디지털 아트
미술,설치미술
미술,예술작품
스포츠/레저,축구
스포츠/레저,농구
스포츠/레저,야구
스포츠/레저,헬스
스포츠/레저,러닝
스포츠/레저,등산
스포츠/레저,요가
스포츠/레저,자전거
스포츠/레저,배드민턴
스포츠/레저,테니스
스포츠/레저,스키
스포츠/레저,스노보드
스포츠/레저,수영
스포츠/레저,탁구
스포츠/레저,골프
스포츠/레저,배구
스포츠/레저,피트니스
스포츠/레저,런닝머신
천문학,별자리
천문학,은하수
천문학,행성
천문학,태양
천문학,은하계
천문학,달
천문학,우주
천문학,블랙홀
천문학,혜성
천문학,유성
천문학,일식
천문학,월식
천문학,운석
천문학,천문대
천문학,망원경
천문학,우주선
천문학,우주정거장
천문학,성운
교구,칠교
교구,퍼즐
교구,블럭
교구,레고
교구,보드게임
교구,카드게임
교구,학습 도구
교구,알파벳
교구,숫자카드
교구,색종이
교구,도미노
교구,학습 카드
교구,공룡 모형
교구,주사위
교구,조립 키트
교구,과학 교구
교구,수학 퍼즐
상품/서비스,택
상품/서비스,라벨
상품/서비스,포장
상품/서비스,앱 화면
상품/서비스,웹 서비스
상품/서비스,디지털 기기 화면
상품/서비스,오프라인 매장
상품/서비스,로고
상품/서비스,광고
상품/서비스,소셜미디어
상품/서비스,브랜드
상품/서비스,고객 서비스
상품/서비스,리뷰
상품/서비스,할인
객체 지정,도형
객체 지정,화살표
객체 지정,라인
객체 지정,사각형
객체 지정,원형
객체 지정,삼각형
객체 지정,곡선
객체 지정,점선
객체 지정,대시
객체 지정,별표
객체 지정,육각형
객체 지정,직선
객체 지정,타원
객체 지정,마름모
객체 지정,다각형
객체 지정,구형
객체 지정,직각
동물,고양이
동물,강아지
동물,코끼리
동물,호랑이
동물,펭귄
동물,기린
동물,늑대
동물,고슴도치
동물,판다
동물,앵무새
동물,토끼
동물,코알라
동물,캥거루
동물,사자
동물,말
동물,소
동물,여우
동물,침팬지
음악,피아노
음악,기타
음악,드럼
음악,바이올린
음악,플루트
음악,음악 이론
음악,오케스트라
음악,합창
음악,콘서트
음악,재즈
음악,락
음악,클래식
음악,블루스
음악,댄스
음악,힙합
음악,전자 음악
음악,악보
음악,지휘자
기술/IT,컴퓨터
기술/IT,스마트폰
기술/IT,소프트웨어
기술/IT,인공지능
기술/IT,데이터베이스
기술/IT,프로그래밍
기술/IT,앱 개발
기술/IT,네트워크
기술/IT,로봇
기술/IT,빅데이터
기술/IT,보안
기술/IT,클라우드
기술/IT,머신러닝
기술/IT,인터넷
기술/IT,게임 개발
기술/IT,운영체제
기술/IT,알고리즘
건강/피트니스,다이어트
건강/피트니스,영양소
건강/피트니스,체중 관리
건강/피트니스,근력
건강/피트니스,유산소
건강/피트니스,체지방
건강/피트니스,수분
건강/피트니스,운동법
건강/피트니스,명상
건강/피트니스,단백질
건강/피트니스,유산균
건강/피트니스,스트레칭
건강/피트니스,마사저
건강/피트니스,마사지
건강/피트니스,달리기
건강/피트니스,필라테스
영화/드라마,액션
영화/드라마,코미디
영화/드라마,로맨스
영화/드라마,드라마
영화/드라마,배우
영화/드라마,감독
영화/드라마,영화 촬영
영화/드라마,스크립트
영화/드라마,대본
영화/드라마,프로듀서
영화/드라마,영화관
영화/드라마,필름
영화/드라마,사운드트랙
영화/드라마,촬영장
영화/드라마,영화 포스터
영화/드라마,시나리오
영화/드라마,방송국
영화/드라마,드라마 세트
문학/출판,소설
문학/출판,시
문학/출판,산문
문학/출판,출판
문학/출판,책
문학/출판,문학 장르
문학/출판,작가
문학/출판,편집
문학/출판,교정
문학/출판,문학상
문학/출판,에세이
문학/출판,일기
문학/출판,수필
문학/출판,비평
문학/출판,단편
문학/출판,장편
문학/출판,서점
교육/학습,교재
교육/학습,온라인 강의
교육/학습,교육 방법
교육/학습,평가
교육/학습,시험
교육/학습,프로젝트
교육/학습,연구
교육/학습,과제
교육/학습,학습 계획
교육/학습,논문
교육/학습,보고서
교육/학습,프레젠테이션
교육/학습,세미나
교육/학습,워크숍
교육/학습,토론
교육/학습,학원
교육/학습,과외
여행,관광
여행,문화 체험
여행,교통
여행,숙박
여행,여행 계획
여행,항공편
여행,여권
여행,가이드
여행,지도
여행,투어
여행,호텔
여행,여행지
여행,배낭 여행
여행,해외여행
여행,국내 여행
여행,리조트
여행,관광객
여행,여행사
게임,비디오 게임
게임,보드 게임
게임,카드 게임
게임,e스포츠
게임,게임 장비
게임,퍼즐 게임
게임,모바일 게임
게임,PC 게임
게임,콘솔 게임
게임,시뮬레이션
게임,온라인 게임
게임,아케이드
게임,전략 게임
국가,대한민국
국가,미국
국가,일본
국가,중국
국가,프랑스
국가,독일
국가,영국
국가,이탈리아
국가,스페인
국가,캐나다
국가,호주
국가,브라질
국가,인도
국가,러시아
국가,멕시코
국가,남아프리카공화국
국가,네덜란드
국가,스웨덴
국가,스위스
국가,터키
국가,태국
국가,베트남
국가,싱가포르
국가,말레이시아
국가,필리핀
국가,이스라엘
국가,아랍에미리트
국가,이집트
국가,레바논
국가,사우디아라비아
여행지,서울
여행지,부산
여행지,도쿄
여행지,뉴욕
여행지,파리
여행지,런던
여행지,로마
여행지,마드리드
여행지,베이징
여행지,홍콩
여행지,상하이
여행지,시드니
여행지,리우데자네이루
여행지,뉴델리
여행지,카이로
여행지,암스테르담
여행지,바르셀로나
여행지,브뤼셀
여행지,부다페스트
여행지,이스탄불
여행지,방콕
여행지,하노이
여행지,싱가포르
여행지,쿠알라룸푸르
여행지,마닐라
여행지,아부다비
여행지,두바이
여행지,예루살렘
여행지,다낭
여행지,푸켓
국가,체코
국가,폴란드
국가,핀란드
국가,덴마크
국가,노르웨이
국가,오스트리아
국가,헝가리
국가,그리스
국가,포르투갈
국가,아이슬란드
국가,콜롬비아
국가,칠레
국가,페루
국가,파라과이
국가,우루과이
국가,사이프러스
국가,슬로바키아
국가,슬로베니아
국가,크로아티아
국가,루마니아
국가,모로코
국가,알제리
국가,튀니지
국가,코스타리카
국가,자메이카
여행지,제주도
여행지,여수
여행지,강릉
여행지,경주
여행지,속초
여행지,시애틀
여행지,샌프란시스코
여행지,마이애미
여행지,시카고
여행지,보스턴
여행지,상파울루
여행지,프라하
여행지,그란카나리아
여행지,리옹
여행지,니스
여행지,몬테카를로
여행지,부에노스아이레스
여행지,카리브해
여행지,세비야
여행지,아테네
여행지,하와이
국가,방글라데시
국가,네팔
여행지,밴쿠버
여행지,멜버른
여행지,키엘
여행지,산토리니
유명인,알베르트 아인슈타인
유명인,아이작 뉴턴
유명인,마리 퀴리
유명인,찰스 다윈
유명인,스티븐 호킹
유명인,윈스턴 처칠
유명인,마하트마 간디
유명인,넬슨 만델라
유명인,오프라 윈프리
유명인,미셸 오바마
유명인,비욘세
유명인,마돈나
유명인,엘튼 존
유명인,루이 암스트롱
유명인,모짜르트
유명인,셰익스피어
유명인,제인 오스틴
유명인,톨스토이
유명인,해리포터
유명인,어니스트 헤밍웨이
유명인,스티브 잡스
유명인,빌 게이츠
유명인,마크 저커버그
유명인,안젤리나 졸리
유명인,레오나르도 디카프리오
유명인,키아누 리브스
유명인,로버트 다우니 주니어
유명인,드웨인 존슨
유명인,톰 행크스
유명인,소피아 로렌
유명인,랄프 로렌
유명인,코코 샤넬
유명인,마크 트웨인
유명인,버지니아 울프
유명인,프리다 칼로
유명인,파블로 피카소
유명인,빈센트 반 고흐
유명인,클로드 모네
유명인,앤디 워홀
유명인,잭슨 폴락
